Title,Rating,Price,Book_URL,in_stock
A Light in the Attic,3,51.77,https://books.toscrape.com/catalogue/a-light-in-the-attic_1000/index.html,True
Tipping the Velvet,1,53.74,https://books.toscrape.com/catalogue/tipping-the-velvet_999/index.html,True
Soumission,1,50.1,https://books.toscrape.com/catalogue/soumission_998/index.html,True
Sharp Objects,4,47.82,https://books.toscrape.com/catalogue/sharp-objects_997/index.html,True
Sapiens: A Brief History of Humankind,5,54.23,https://books.toscrape.com/catalogue/sapiens-a-brief-history-of-humankind_996/index.html,True
The Requiem Red,1,22.65,https://books.toscrape.com/catalogue/the-requiem-red_995/index.html,True
The Dirty Little Secrets of Getting Your Dream Job,4,33.34,https://books.toscrape.com/catalogue/the-dirty-little-secrets-of-getting-your-dream-job_994/index.html,True
"The Coming Woman: A Novel Based on the Life of the Infamous Feminist, Victoria Woodhull",3,17.93,https://books.toscrape.com/catalogue/the-coming-woman-a-novel-based-on-the-life-of-the-infamous-feminist-victoria-woodhull_993/index.html,True
The Boys in the Boat: Nine Americans and Their Epic Quest for Gold at the 1936 Berlin Olympics,4,22.6,https://books.toscrape.com/catalogue/the-boys-in-the-boat-nine-americans-and-their-epic-quest-for-gold-at-the-1936-berlin-olympics_992/index.html,True
The Black Maria,1,52.15,https://books.toscrape.com/catalogue/the-black-maria_991/index.html,True
"Starving Hearts (Triangular Trade Trilogy, #1)",2,13.99,https://books.toscrape.com/catalogue/starving-hearts-triangular-trade-trilogy-1_990/index.html,True
Shakespeare's Sonnets,4,20.66,https://books.toscrape.com/catalogue/shakespeares-sonnets_989/index.html,True
Set Me Free,5,17.46,https://books.toscrape.com/catalogue/set-me-free_988/index.html,True
Scott Pilgrim's Precious Little Life (Scott Pilgrim #1),5,52.29,https://books.toscrape.com/catalogue/scott-pilgrims-precious-little-life-scott-pilgrim-1_987/index.html,True
Rip it Up and Start Again,5,35.02,https://books.toscrape.com/catalogue/rip-it-up-and-start-again_986/index.html,True
"Our Band Could Be Your Life: Scenes from the American Indie Underground, 1981-1991",3,57.25,https://books.toscrape.com/catalogue/our-band-could-be-your-life-scenes-from-the-american-indie-underground-1981-1991_985/index.html,True
Olio,1,23.88,https://books.toscrape.com/catalogue/olio_984/index.html,True
Mesaerion: The Best Science Fiction Stories 1800-1849,1,37.59,https://books.toscrape.com/catalogue/mesaerion-the-best-science-fiction-stories-1800-1849_983/index.html,True
Libertarianism for Beginners,2,51.33,https://books.toscrape.com/catalogue/libertarianism-for-beginners_982/index.html,True
It's Only the Himalayas,2,45.17,https://books.toscrape.com/catalogue/its-only-the-himalayas_981/index.html,True
In Her Wake,1,12.84,https://books.toscrape.com/catalogue/in-her-wake_980/index.html,True
How Music Works,2,37.32,https://books.toscrape.com/catalogue/how-music-works_979/index.html,True
"Foolproof Preserving: A Guide to Small Batch Jams, Jellies, Pickles, Condiments, and More: A Foolproof Guide to Making Small Batch Jams, Jellies, Pickles, Condiments, and More",3,30.52,https://books.toscrape.com/catalogue/foolproof-preserving-a-guide-to-small-batch-jams-jellies-pickles-condiments-and-more-a-foolproof-guide-to-making-small-batch-jams-jellies-pickles-condiments-and-more_978/index.html,True
Chase Me (Paris Nights #2),5,25.27,https://books.toscrape.com/catalogue/chase-me-paris-nights-2_977/index.html,True
Black Dust,5,34.53,https://books.toscrape.com/catalogue/black-dust_976/index.html,True
Birdsong: A Story in Pictures,3,54.64,https://books.toscrape.com/catalogue/birdsong-a-story-in-pictures_975/index.html,True
America's Cradle of Quarterbacks: Western Pennsylvania's Football Factory from Johnny Unitas to Joe Montana,3,22.5,https://books.toscrape.com/catalogue/americas-cradle-of-quarterbacks-western-pennsylvanias-football-factory-from-johnny-unitas-to-joe-montana_974/index.html,True
Aladdin and His Wonderful Lamp,3,53.13,https://books.toscrape.com/catalogue/aladdin-and-his-wonderful-lamp_973/index.html,True
Worlds Elsewhere: Journeys Around Shakespeare’s Globe,5,40.3,https://books.toscrape.com/catalogue/worlds-elsewhere-journeys-around-shakespeares-globe_972/index.html,True
Wall and Piece,4,44.18,https://books.toscrape.com/catalogue/wall-and-piece_971/index.html,True
The Four Agreements: A Practical Guide to Personal Freedom,5,17.66,https://books.toscrape.com/catalogue/the-four-agreements-a-practical-guide-to-personal-freedom_970/index.html,True
The Five Love Languages: How to Express Heartfelt Commitment to Your Mate,3,31.05,https://books.toscrape.com/catalogue/the-five-love-languages-how-to-express-heartfelt-commitment-to-your-mate_969/index.html,True
The Elephant Tree,5,23.82,https://books.toscrape.com/catalogue/the-elephant-tree_968/index.html,True
The Bear and the Piano,1,36.89,https://books.toscrape.com/catalogue/the-bear-and-the-piano_967/index.html,True
Sophie's World,5,15.94,https://books.toscrape.com/catalogue/sophies-world_966/index.html,True
Penny Maybe,3,33.29,https://books.toscrape.com/catalogue/penny-maybe_965/index.html,True
Maude (1883-1993):She Grew Up with the country,2,18.02,https://books.toscrape.com/catalogue/maude-1883-1993she-grew-up-with-the-country_964/index.html,True
"In a Dark, Dark Wood",1,19.63,https://books.toscrape.com/catalogue/in-a-dark-dark-wood_963/index.html,True
Behind Closed Doors,4,52.22,https://books.toscrape.com/catalogue/behind-closed-doors_962/index.html,True
You can't bury them all: Poems,2,33.63,https://books.toscrape.com/catalogue/you-cant-bury-them-all-poems_961/index.html,True
Slow States of Collapse: Poems,3,57.31,https://books.toscrape.com/catalogue/slow-states-of-collapse-poems_960/index.html,True
Reasons to Stay Alive,2,26.41,https://books.toscrape.com/catalogue/reasons-to-stay-alive_959/index.html,True
Private Paris (Private #10),5,47.61,https://books.toscrape.com/catalogue/private-paris-private-10_958/index.html,True
#HigherSelfie: Wake Up Your Life. Free Your Soul. Find Your Tribe.,5,23.11,https://books.toscrape.com/catalogue/higherselfie-wake-up-your-life-free-your-soul-find-your-tribe_957/index.html,True
Without Borders (Wanderlove #1),2,45.07,https://books.toscrape.com/catalogue/without-borders-wanderlove-1_956/index.html,True
When We Collided,1,31.77,https://books.toscrape.com/catalogue/when-we-collided_955/index.html,True
"We Love You, Charlie Freeman",5,50.27,https://books.toscrape.com/catalogue/we-love-you-charlie-freeman_954/index.html,True
Untitled Collection: Sabbath Poems 2014,4,14.27,https://books.toscrape.com/catalogue/untitled-collection-sabbath-poems-2014_953/index.html,True
"Unseen City: The Majesty of Pigeons, the Discreet Charm of Snails & Other Wonders of the Urban Wilderness",4,44.18,https://books.toscrape.com/catalogue/unseen-city-the-majesty-of-pigeons-the-discreet-charm-of-snails-other-wonders-of-the-urban-wilderness_952/index.html,True
Unicorn Tracks,3,18.78,https://books.toscrape.com/catalogue/unicorn-tracks_951/index.html,True
"Unbound: How Eight Technologies Made Us Human, Transformed Society, and Brought Our World to the Brink",1,25.52,https://books.toscrape.com/catalogue/unbound-how-eight-technologies-made-us-human-transformed-society-and-brought-our-world-to-the-brink_950/index.html,True
Tsubasa: WoRLD CHRoNiCLE 2 (Tsubasa WoRLD CHRoNiCLE #2),1,16.28,https://books.toscrape.com/catalogue/tsubasa-world-chronicle-2-tsubasa-world-chronicle-2_949/index.html,True
Throwing Rocks at the Google Bus: How Growth Became the Enemy of Prosperity,3,31.12,https://books.toscrape.com/catalogue/throwing-rocks-at-the-google-bus-how-growth-became-the-enemy-of-prosperity_948/index.html,True
This One Summer,4,19.49,https://books.toscrape.com/catalogue/this-one-summer_947/index.html,True
Thirst,5,17.27,https://books.toscrape.com/catalogue/thirst_946/index.html,True
The Torch Is Passed: A Harding Family Story,1,19.09,https://books.toscrape.com/catalogue/the-torch-is-passed-a-harding-family-story_945/index.html,True
The Secret of Dreadwillow Carse,1,56.13,https://books.toscrape.com/catalogue/the-secret-of-dreadwillow-carse_944/index.html,True
"The Pioneer Woman Cooks: Dinnertime: Comfort Classics, Freezer Food, 16-Minute Meals, and Other Delicious Ways to Solve Supper!",1,56.41,https://books.toscrape.com/catalogue/the-pioneer-woman-cooks-dinnertime-comfort-classics-freezer-food-16-minute-meals-and-other-delicious-ways-to-solve-supper_943/index.html,True
The Past Never Ends,4,56.5,https://books.toscrape.com/catalogue/the-past-never-ends_942/index.html,True
The Natural History of Us (The Fine Art of Pretending #2),3,45.22,https://books.toscrape.com/catalogue/the-natural-history-of-us-the-fine-art-of-pretending-2_941/index.html,True
The Nameless City (The Nameless City #1),4,38.16,https://books.toscrape.com/catalogue/the-nameless-city-the-nameless-city-1_940/index.html,True
The Murder That Never Was (Forensic Instincts #5),3,54.11,https://books.toscrape.com/catalogue/the-murder-that-never-was-forensic-instincts-5_939/index.html,True
The Most Perfect Thing: Inside (and Outside) a Bird's Egg,4,42.96,https://books.toscrape.com/catalogue/the-most-perfect-thing-inside-and-outside-a-birds-egg_938/index.html,True
"The Mindfulness and Acceptance Workbook for Anxiety: A Guide to Breaking Free from Anxiety, Phobias, and Worry Using Acceptance and Commitment Therapy",4,23.89,https://books.toscrape.com/catalogue/the-mindfulness-and-acceptance-workbook-for-anxiety-a-guide-to-breaking-free-from-anxiety-phobias-and-worry-using-acceptance-and-commitment-therapy_937/index.html,True
The Life-Changing Magic of Tidying Up: The Japanese Art of Decluttering and Organizing,3,16.77,https://books.toscrape.com/catalogue/the-life-changing-magic-of-tidying-up-the-japanese-art-of-decluttering-and-organizing_936/index.html,True
"The Inefficiency Assassin: Time Management Tactics for Working Smarter, Not Longer",5,20.59,https://books.toscrape.com/catalogue/the-inefficiency-assassin-time-management-tactics-for-working-smarter-not-longer_935/index.html,True
The Gutsy Girl: Escapades for Your Life of Epic Adventure,1,37.13,https://books.toscrape.com/catalogue/the-gutsy-girl-escapades-for-your-life-of-epic-adventure_934/index.html,True
The Electric Pencil: Drawings from Inside State Hospital No. 3,1,56.06,https://books.toscrape.com/catalogue/the-electric-pencil-drawings-from-inside-state-hospital-no-3_933/index.html,True
The Death of Humanity: and the Case for Life,4,58.11,https://books.toscrape.com/catalogue/the-death-of-humanity-and-the-case-for-life_932/index.html,True
"The Bulletproof Diet: Lose up to a Pound a Day, Reclaim Energy and Focus, Upgrade Your Life",3,49.05,https://books.toscrape.com/catalogue/the-bulletproof-diet-lose-up-to-a-pound-a-day-reclaim-energy-and-focus-upgrade-your-life_931/index.html,True
The Art Forger,3,40.76,https://books.toscrape.com/catalogue/the-art-forger_930/index.html,True
The Age of Genius: The Seventeenth Century and the Birth of the Modern Mind,1,19.73,https://books.toscrape.com/catalogue/the-age-of-genius-the-seventeenth-century-and-the-birth-of-the-modern-mind_929/index.html,True
The Activist's Tao Te Ching: Ancient Advice for a Modern Revolution,5,32.24,https://books.toscrape.com/catalogue/the-activists-tao-te-ching-ancient-advice-for-a-modern-revolution_928/index.html,True
Spark Joy: An Illustrated Master Class on the Art of Organizing and Tidying Up,4,41.83,https://books.toscrape.com/catalogue/spark-joy-an-illustrated-master-class-on-the-art-of-organizing-and-tidying-up_927/index.html,True
Soul Reader,2,39.58,https://books.toscrape.com/catalogue/soul-reader_926/index.html,True
Security,2,39.25,https://books.toscrape.com/catalogue/security_925/index.html,True
"Saga, Volume 6 (Saga (Collected Editions) #6)",3,25.02,https://books.toscrape.com/catalogue/saga-volume-6-saga-collected-editions-6_924/index.html,True
"Saga, Volume 5 (Saga (Collected Editions) #5)",2,51.04,https://books.toscrape.com/catalogue/saga-volume-5-saga-collected-editions-5_923/index.html,True
Reskilling America: Learning to Labor in the Twenty-First Century,2,19.83,https://books.toscrape.com/catalogue/reskilling-america-learning-to-labor-in-the-twenty-first-century_922/index.html,True
"Rat Queens, Vol. 3: Demons (Rat Queens (Collected Editions) #11-15)",3,50.4,https://books.toscrape.com/catalogue/rat-queens-vol-3-demons-rat-queens-collected-editions-11-15_921/index.html,True
"Princess Jellyfish 2-in-1 Omnibus, Vol. 01 (Princess Jellyfish 2-in-1 Omnibus #1)",5,13.61,https://books.toscrape.com/catalogue/princess-jellyfish-2-in-1-omnibus-vol-01-princess-jellyfish-2-in-1-omnibus-1_920/index.html,True
Princess Between Worlds (Wide-Awake Princess #5),5,13.34,https://books.toscrape.com/catalogue/princess-between-worlds-wide-awake-princess-5_919/index.html,True
"Pop Gun War, Volume 1: Gift",1,18.97,https://books.toscrape.com/catalogue/pop-gun-war-volume-1-gift_918/index.html,True
"Political Suicide: Missteps, Peccadilloes, Bad Calls, Backroom Hijinx, Sordid Pasts, Rotten Breaks, and Just Plain Dumb Mistakes in the Annals of American Politics",2,36.28,https://books.toscrape.com/catalogue/political-suicide-missteps-peccadilloes-bad-calls-backroom-hijinx-sordid-pasts-rotten-breaks-and-just-plain-dumb-mistakes-in-the-annals-of-american-politics_917/index.html,True
Patience,3,10.16,https://books.toscrape.com/catalogue/patience_916/index.html,True
"Outcast, Vol. 1: A Darkness Surrounds Him (Outcast #1)",4,15.44,https://books.toscrape.com/catalogue/outcast-vol-1-a-darkness-surrounds-him-outcast-1_915/index.html,True
orange: The Complete Collection 1 (orange: The Complete Collection #1),1,48.41,https://books.toscrape.com/catalogue/orange-the-complete-collection-1-orange-the-complete-collection-1_914/index.html,True
Online Marketing for Busy Authors: A Step-By-Step Guide,1,46.35,https://books.toscrape.com/catalogue/online-marketing-for-busy-authors-a-step-by-step-guide_913/index.html,True
On a Midnight Clear,3,14.07,https://books.toscrape.com/catalogue/on-a-midnight-clear_912/index.html,True
Obsidian (Lux #1),2,14.86,https://books.toscrape.com/catalogue/obsidian-lux-1_911/index.html,True
My Paris Kitchen: Recipes and Stories,2,33.37,https://books.toscrape.com/catalogue/my-paris-kitchen-recipes-and-stories_910/index.html,True
Masks and Shadows,2,56.4,https://books.toscrape.com/catalogue/masks-and-shadows_909/index.html,True
"Mama Tried: Traditional Italian Cooking for the Screwed, Crude, Vegan, and Tattooed",4,14.02,https://books.toscrape.com/catalogue/mama-tried-traditional-italian-cooking-for-the-screwed-crude-vegan-and-tattooed_908/index.html,True
"Lumberjanes, Vol. 2: Friendship to the Max (Lumberjanes #5-8)",2,46.91,https://books.toscrape.com/catalogue/lumberjanes-vol-2-friendship-to-the-max-lumberjanes-5-8_907/index.html,True
"Lumberjanes, Vol. 1: Beware the Kitten Holy (Lumberjanes #1-4)",3,45.61,https://books.toscrape.com/catalogue/lumberjanes-vol-1-beware-the-kitten-holy-lumberjanes-1-4_906/index.html,True
Lumberjanes Vol. 3: A Terrible Plan (Lumberjanes #9-12),2,19.92,https://books.toscrape.com/catalogue/lumberjanes-vol-3-a-terrible-plan-lumberjanes-9-12_905/index.html,True
"Layered: Baking, Building, and Styling Spectacular Cakes",1,40.11,https://books.toscrape.com/catalogue/layered-baking-building-and-styling-spectacular-cakes_904/index.html,True
Judo: Seven Steps to Black Belt (an Introductory Guide for Beginners),2,53.9,https://books.toscrape.com/catalogue/judo-seven-steps-to-black-belt-an-introductory-guide-for-beginners_903/index.html,True
Join,5,35.67,https://books.toscrape.com/catalogue/join_902/index.html,True
In the Country We Love: My Family Divided,4,22.0,https://books.toscrape.com/catalogue/in-the-country-we-love-my-family-divided_901/index.html,True
